{
    "Original Height": 90.0,
    "Ground Height": 0,
    "Clamp Length": 15,
    "Pen Height": 0.0,
    "A4988 CLK": 1000,
    "A4988 MSx": 5,
    "Home Angle Offset": [
        -3.718993977407621,
        -0.4189712589746577,
        0.17373203351185396
    ],
    "Sensor Pulse Offset": [
        260.5,
        134.5,
        168.25
    ],
    "Point 1": [
        -100.0,
        200.0,
        75.0
    ],
    "Point 2": [
        100.0,
        200.0,
        75.0
    ],
    "Point 3": [
        0.0,
        150.0,
        73.0
    ],
    "Point 4": [
        0.0,
        250.0,
        77.0
    ],
    "Plane X-Z": [
        -100,
        100,
        0.0,
        0.0
    ],
    "Plane Y-Z": [
        150,
        250,
        -2.0,
        2.0
    ],
    "Home point": [
        0.0,
        200.0,
        75.0
    ],
    "Arm State": [
        1,
        1,
        1,
        1,
        1,
        1,
        1,
        1,
        1
    ]
}